Cancer_Pair,Interaction_ID,Gene1,Gene2
BRCA_vs_LUAD,ABCA8_PKD1L2,ABCA8,PKD1L2
BRCA_vs_LUAD,ABCA8_SGK2,ABCA8,SGK2
BRCA_vs_LUAD,ABCA9_PKD1L2,ABCA9,PKD1L2
BRCA_vs_LUAD,AC009236.1_FABP4,AC009236.1,FABP4
BRCA_vs_LUAD,AC009236.1_GPX3,AC009236.1,GPX3
BRCA_vs_LUAD,AC009236.1_TMEM132C,AC009236.1,TMEM132C
BRCA_vs_LUAD,AC093110.1_FGF2,AC093110.1,FGF2
BRCA_vs_LUAD,AC093110.1_PDZD2,AC093110.1,PDZD2
BRCA_vs_LUAD,AC093110.1_TGFBR3,AC093110.1,TGFBR3
BRCA_vs_LUAD,AC093904.4_BCAS1,AC093904.4,BCAS1
BRCA_vs_LUAD,AC104211.1_ADH1A,AC104211.1,ADH1A
BRCA_vs_LUAD,AC104211.1_CD36,AC104211.1,CD36
BRCA_vs_LUAD,AC112777.1_SPC24,AC112777.1,SPC24
BRCA_vs_LUAD,AC112777.1_UBE2C,AC112777.1,UBE2C
BRCA_vs_LUAD,AC131097.2_BICDL1,AC131097.2,BICDL1
BRCA_vs_LUAD,AC131097.2_HCN2,AC131097.2,HCN2
BRCA_vs_LUAD,ADAM8_TFR2,ADAM8,TFR2
BRCA_vs_LUAD,ADAMTS14_CLSPN,ADAMTS14,CLSPN
BRCA_vs_LUAD,ADAMTS14_GRM4,ADAMTS14,GRM4
BRCA_vs_LUAD,ADAMTS9-AS1_MME,ADAMTS9-AS1,MME
BRCA_vs_LUAD,ADH1A_CDO1,ADH1A,CDO1
BRCA_vs_LUAD,ADH1B_PKD1L2,ADH1B,PKD1L2
BRCA_vs_LUAD,ADRA1A_AP001528.2,ADRA1A,AP001528.2
BRCA_vs_LUAD,ADRA1A_CD36,ADRA1A,CD36
BRCA_vs_LUAD,ADRA1A_CDO1,ADRA1A,CDO1
BRCA_vs_LUAD,ADRA1A_MME,ADRA1A,MME
BRCA_vs_LUAD,ADRA1A_TGFBR3,ADRA1A,TGFBR3
BRCA_vs_LUAD,ADRA1A_TNS1,ADRA1A,TNS1
BRCA_vs_LUAD,ADRB2_CAV1,ADRB2,CAV1
BRCA_vs_LUAD,ADRB2_FGF2,ADRB2,FGF2
BRCA_vs_LUAD,ADRB2_MYZAP,ADRB2,MYZAP
BRCA_vs_LUAD,ANGPTL1_PKD1L2,ANGPTL1,PKD1L2
BRCA_vs_LUAD,ANGPTL1_SIX2,ANGPTL1,SIX2
BRCA_vs_LUAD,ANLN_PBK,ANLN,PBK
BRCA_vs_LUAD,AP001528.2_MYZAP,AP001528.2,MYZAP
BRCA_vs_LUAD,AP001528.2_NMUR1,AP001528.2,NMUR1
BRCA_vs_LUAD,AP001528.2_PALMD,AP001528.2,PALMD
BRCA_vs_LUAD,AP001528.2_SGK2,AP001528.2,SGK2
BRCA_vs_LUAD,AP001528.2_TGFBR3,AP001528.2,TGFBR3
BRCA_vs_LUAD,ASPA_MME,ASPA,MME
BRCA_vs_LUAD,AURKB_MKI67,AURKB,MKI67
BRCA_vs_LUAD,AURKB_NEIL3,AURKB,NEIL3
BRCA_vs_LUAD,BHMT2_CDO1,BHMT2,CDO1
BRCA_vs_LUAD,BHMT2_CHRDL1,BHMT2,CHRDL1
BRCA_vs_LUAD,BHMT2_LINC00968,BHMT2,LINC00968
BRCA_vs_LUAD,BHMT2_MYOC,BHMT2,MYOC
BRCA_vs_LUAD,BHMT2_TRHDE,BHMT2,TRHDE
BRCA_vs_LUAD,BIRC5_H3C10,BIRC5,H3C10
BRCA_vs_LUAD,BMP8A_CPNE7,BMP8A,CPNE7
BRCA_vs_LUAD,BMP8A_GPRIN1,BMP8A,GPRIN1
BRCA_vs_LUAD,BTNL9_SGK2,BTNL9,SGK2
BRCA_vs_LUAD,BUB1B_CPNE7,BUB1B,CPNE7
BRCA_vs_LUAD,CAV1_TGFBR3,CAV1,TGFBR3
BRCA_vs_LUAD,CAVIN2_TGFBR3,CAVIN2,TGFBR3
BRCA_vs_LUAD,CD300LG_MYZAP,CD300LG,MYZAP
BRCA_vs_LUAD,CDC20_NEIL3,CDC20,NEIL3
BRCA_vs_LUAD,CDCA3_DLGAP5,CDCA3,DLGAP5
BRCA_vs_LUAD,CDCA3_NEIL3,CDCA3,NEIL3
BRCA_vs_LUAD,CDCA5_NEIL3,CDCA5,NEIL3
BRCA_vs_LUAD,CDO1_CHRDL1,CDO1,CHRDL1
BRCA_vs_LUAD,CDO1_SVEP1,CDO1,SVEP1
BRCA_vs_LUAD,CHRDL1_PKD1L2,CHRDL1,PKD1L2
BRCA_vs_LUAD,CHRDL1_SGK2,CHRDL1,SGK2
BRCA_vs_LUAD,COL10A1_CST1,COL10A1,CST1
BRCA_vs_LUAD,COL11A1_CPNE7,COL11A1,CPNE7
BRCA_vs_LUAD,COL11A1_FAM189A2,COL11A1,FAM189A2
BRCA_vs_LUAD,COL17A1_PAFAH1B3,COL17A1,PAFAH1B3
BRCA_vs_LUAD,CPNE7_DEPDC1,CPNE7,DEPDC1
BRCA_vs_LUAD,CPNE7_DLGAP5,CPNE7,DLGAP5
BRCA_vs_LUAD,CPNE7_ERCC6L,CPNE7,ERCC6L
BRCA_vs_LUAD,CPNE7_KIF26B,CPNE7,KIF26B
BRCA_vs_LUAD,CPNE7_KIF4A,CPNE7,KIF4A
BRCA_vs_LUAD,CPNE7_KNL1,CPNE7,KNL1
BRCA_vs_LUAD,CPNE7_MKI67,CPNE7,MKI67
BRCA_vs_LUAD,CPNE7_RRM2,CPNE7,RRM2
BRCA_vs_LUAD,CPNE7_SGO1,CPNE7,SGO1
BRCA_vs_LUAD,CPNE7_SKA3,CPNE7,SKA3
BRCA_vs_LUAD,CSF3_KLF4,CSF3,KLF4
BRCA_vs_LUAD,CST1_LINC01614,CST1,LINC01614
BRCA_vs_LUAD,CST1_MMP11,CST1,MMP11
BRCA_vs_LUAD,CST1_SALL4,CST1,SALL4
BRCA_vs_LUAD,CTHRC1_ITM2A,CTHRC1,ITM2A
BRCA_vs_LUAD,CTHRC1_MMRN1,CTHRC1,MMRN1
BRCA_vs_LUAD,DEPDC1B_UBE2C,DEPDC1B,UBE2C
BRCA_vs_LUAD,DMBX1_MMP13,DMBX1,MMP13
BRCA_vs_LUAD,ESCO2_TK1,ESCO2,TK1
BRCA_vs_LUAD,EXO1_UBE2C,EXO1,UBE2C
BRCA_vs_LUAD,FGF2_MME,FGF2,MME
BRCA_vs_LUAD,FOXM1_IQGAP3,FOXM1,IQGAP3
BRCA_vs_LUAD,FOXM1_SPC24,FOXM1,SPC24
BRCA_vs_LUAD,GPRIN1_HOXC11,GPRIN1,HOXC11
BRCA_vs_LUAD,GSTM5_H3C10,GSTM5,H3C10
BRCA_vs_LUAD,H2BC6_VSTM2L,H2BC6,VSTM2L
BRCA_vs_LUAD,HES6_S100P,HES6,S100P
BRCA_vs_LUAD,HMMR_NEIL3,HMMR,NEIL3
BRCA_vs_LUAD,JPH3_MMRN1,JPH3,MMRN1
BRCA_vs_LUAD,KIF18B_NEIL3,KIF18B,NEIL3
BRCA_vs_LUAD,LINC02185_SIX2,LINC02185,SIX2
BRCA_vs_LUAD,MME_TGFBR3,MME,TGFBR3
BRCA_vs_LUAD,MME_TRHDE,MME,TRHDE
BRCA_vs_LUAD,MMP13_NEK2,MMP13,NEK2
BRCA_vs_LUAD,MMRN1_ZIC2,MMRN1,ZIC2
BRCA_vs_LUAD,MNX1-AS1_NPW,MNX1-AS1,NPW
BRCA_vs_LUAD,MUC5B_RMI2,MUC5B,RMI2
BRCA_vs_LUAD,MYBL2_NEIL3,MYBL2,NEIL3
BRCA_vs_LUAD,MYOC_SIX2,MYOC,SIX2
BRCA_vs_LUAD,MYZAP_NMUR1,MYZAP,NMUR1
BRCA_vs_LUAD,NAT8L_SCN4B,NAT8L,SCN4B
BRCA_vs_LUAD,NAT8L_SGK2,NAT8L,SGK2
BRCA_vs_LUAD,NCAPG_PKMYT1,NCAPG,PKMYT1
BRCA_vs_LUAD,NEIL3_PKMYT1,NEIL3,PKMYT1
BRCA_vs_LUAD,NEIL3_PTTG1,NEIL3,PTTG1
BRCA_vs_LUAD,NEIL3_RRM2,NEIL3,RRM2
BRCA_vs_LUAD,NEIL3_TROAP,NEIL3,TROAP
BRCA_vs_LUAD,NUF2_UBE2C,NUF2,UBE2C
BRCA_vs_LUAD,PALMD_SERTM1,PALMD,SERTM1
BRCA_vs_LUAD,PCOLCE2_SIX2,PCOLCE2,SIX2
BRCA_vs_LUAD,PDZD2_SGK2,PDZD2,SGK2
BRCA_vs_LUAD,PDZD2_TNS1,PDZD2,TNS1
BRCA_vs_LUAD,PDZD2_TRHDE,PDZD2,TRHDE
BRCA_vs_LUAD,PKD1L2_SVEP1,PKD1L2,SVEP1
BRCA_vs_LUAD,PKD1L2_TMEM132C,PKD1L2,TMEM132C
BRCA_vs_LUAD,PLAC1_PPP2R2C,PLAC1,PPP2R2C
BRCA_vs_LUAD,SGK2_SVEP1,SGK2,SVEP1
BRCA_vs_LUAD,SGK2_TNS1,SGK2,TNS1
BRCA_vs_LUAD,TNS1_TRHDE,TNS1,TRHDE
BRCA_vs_HNSC,CLEC3B_FN1,CLEC3B,FN1
BRCA_vs_HNSC,FN1_GDF10,FN1,GDF10
BRCA_vs_HNSC,FN1_SCARA5,FN1,SCARA5
BRCA_vs_HNSC,FN1_TNXB,FN1,TNXB
BRCA_vs_HNSC,HOXC11_PLAC1,HOXC11,PLAC1
BRCA_vs_HNSC,INHBA_ZIC2,INHBA,ZIC2
BRCA_vs_HNSC,LRRC15_PI16,LRRC15,PI16
BRCA_vs_STAD,AC015849.5_HOXC11,AC015849.5,HOXC11
BRCA_vs_STAD,ADRA1A_GHR,ADRA1A,GHR
BRCA_vs_STAD,AKR1C1_FRMD1,AKR1C1,FRMD1
BRCA_vs_STAD,AL356489.2_ASPA,AL356489.2,ASPA
BRCA_vs_STAD,AOC3_PPP1R1A,AOC3,PPP1R1A
BRCA_vs_STAD,APOB_CD36,APOB,CD36
BRCA_vs_STAD,ASPA_PPP1R1A,ASPA,PPP1R1A
BRCA_vs_STAD,ASPA_SPX,ASPA,SPX
BRCA_vs_STAD,ATP1A2_PPP1R1A,ATP1A2,PPP1R1A
BRCA_vs_STAD,BHMT2_DPT,BHMT2,DPT
BRCA_vs_STAD,BHMT2_PPP1R1A,BHMT2,PPP1R1A
BRCA_vs_STAD,CADM3-AS1_INHBA,CADM3-AS1,INHBA
BRCA_vs_STAD,CCDC69_PPP1R1A,CCDC69,PPP1R1A
BRCA_vs_STAD,CD36_PCK1,CD36,PCK1
BRCA_vs_STAD,CDO1_TMEM132C,CDO1,TMEM132C
BRCA_vs_STAD,CLSPN_SDS,CLSPN,SDS
BRCA_vs_STAD,COL11A1_SLC7A14,COL11A1,SLC7A14
BRCA_vs_STAD,CPNE7_LRRC37A9P,CPNE7,LRRC37A9P
BRCA_vs_STAD,DES_PDK4,DES,PDK4
BRCA_vs_STAD,DPT_GLP2R,DPT,GLP2R
BRCA_vs_STAD,DPT_ITIH5,DPT,ITIH5
BRCA_vs_STAD,DPT_MYOC,DPT,MYOC
BRCA_vs_STAD,DPT_PCOLCE2,DPT,PCOLCE2
BRCA_vs_STAD,DPT_PGM5-AS1,DPT,PGM5-AS1
BRCA_vs_STAD,DPT_PLIN4,DPT,PLIN4
BRCA_vs_STAD,DPT_SORBS1,DPT,SORBS1
BRCA_vs_STAD,E2F7_EXO1,E2F7,EXO1
BRCA_vs_STAD,E2F7_RECQL4,E2F7,RECQL4
BRCA_vs_STAD,EXO1_RECQL4,EXO1,RECQL4
BRCA_vs_STAD,GDF10_INHBA,GDF10,INHBA
BRCA_vs_STAD,GDF10_PGM5-AS1,GDF10,PGM5-AS1
BRCA_vs_STAD,GHR_PPP1R1A,GHR,PPP1R1A
BRCA_vs_STAD,GHR_PRRT4,GHR,PRRT4
BRCA_vs_STAD,GLP2R_LINC01537,GLP2R,LINC01537
BRCA_vs_STAD,GLP2R_NKAPL,GLP2R,NKAPL
BRCA_vs_STAD,GLP2R_NPR1,GLP2R,NPR1
BRCA_vs_STAD,GLP2R_PPP1R1A,GLP2R,PPP1R1A
BRCA_vs_STAD,IGFBP6_MYOC,IGFBP6,MYOC
BRCA_vs_STAD,INHBA_TMEM252,INHBA,TMEM252
BRCA_vs_STAD,ITIH5_NKAPL,ITIH5,NKAPL
BRCA_vs_STAD,KIF14_LRRC37A9P,KIF14,LRRC37A9P
BRCA_vs_STAD,KLF15_NKAPL,KLF15,NKAPL
BRCA_vs_STAD,KY_SCN2B,KY,SCN2B
BRCA_vs_STAD,LINC01537_PPP1R1A,LINC01537,PPP1R1A
BRCA_vs_STAD,LRRC15_PKHD1L1,LRRC15,PKHD1L1
BRCA_vs_STAD,LRRC37A9P_NUF2,LRRC37A9P,NUF2
BRCA_vs_STAD,LRRC37A9P_SKA3,LRRC37A9P,SKA3
BRCA_vs_STAD,LRRC37A9P_TPX2,LRRC37A9P,TPX2
BRCA_vs_STAD,MME_PCK1,MME,PCK1
BRCA_vs_STAD,NKAPL_SPX,NKAPL,SPX
BRCA_vs_STAD,NPR1_PPP1R1A,NPR1,PPP1R1A
BRCA_vs_STAD,PDE2A_PPP1R1A,PDE2A,PPP1R1A
BRCA_vs_STAD,PPP1R1A_SORBS1,PPP1R1A,SORBS1
BRCA_vs_STAD,PPP1R1A_TMEM100,PPP1R1A,TMEM100
BRCA_vs_STAD,PPP1R1A_TMEM132C,PPP1R1A,TMEM132C
BRCA_vs_STAD,SKA3_TOP2A,SKA3,TOP2A
LUAD_vs_HNSC,AC007128.1_AIM2,AC007128.1,AIM2
LUAD_vs_HNSC,AC007128.1_MUC21,AC007128.1,MUC21
LUAD_vs_HNSC,AC009262.1_HOXB9,AC009262.1,HOXB9
LUAD_vs_HNSC,AC093895.1_HMGA2,AC093895.1,HMGA2
LUAD_vs_HNSC,ADGRF1_ARTN,ADGRF1,ARTN
LUAD_vs_HNSC,ADH1B_B4GALNT1,ADH1B,B4GALNT1
LUAD_vs_HNSC,B4GALNT1_CA3,B4GALNT1,CA3
LUAD_vs_HNSC,B4GALNT1_GDF10,B4GALNT1,GDF10
LUAD_vs_HNSC,C1QTNF7_SHOX2,C1QTNF7,SHOX2
LUAD_vs_HNSC,CA9_ZFPM2-AS1,CA9,ZFPM2-AS1
LUAD_vs_HNSC,CAPN14_LINC02156,CAPN14,LINC02156
LUAD_vs_HNSC,CAPN5_PNCK,CAPN5,PNCK
LUAD_vs_HNSC,CCL23_DNAH17-AS1,CCL23,DNAH17-AS1
LUAD_vs_HNSC,CDKN2A_DUSP9,CDKN2A,DUSP9
LUAD_vs_HNSC,CNTNAP2_DUSP9,CNTNAP2,DUSP9
LUAD_vs_HNSC,COL10A1_IGHV1-24,COL10A1,IGHV1-24
LUAD_vs_HNSC,COL3A1_TNXB,COL3A1,TNXB
LUAD_vs_HNSC,CYP2F1_PNCK,CYP2F1,PNCK
LUAD_vs_HNSC,CYP2F1_RAB3B,CYP2F1,RAB3B
LUAD_vs_HNSC,DISP3_SLCO1A2,DISP3,SLCO1A2
LUAD_vs_HNSC,ECRG4_RAB3B,ECRG4,RAB3B
LUAD_vs_HNSC,FAM172BP_TERT,FAM172BP,TERT
LUAD_vs_HNSC,GDF10_SHOX2,GDF10,SHOX2
LUAD_vs_HNSC,GNGT1_ONECUT1,GNGT1,ONECUT1
LUAD_vs_HNSC,HMGA2_HOXB9,HMGA2,HOXB9
LUAD_vs_HNSC,HOXC11_MMP1,HOXC11,MMP1
LUAD_vs_HNSC,HOXC6_MYO3B,HOXC6,MYO3B
LUAD_vs_HNSC,HOXC8_MMP3,HOXC8,MMP3
LUAD_vs_HNSC,HSPB6_SHOX2,HSPB6,SHOX2
LUAD_vs_HNSC,IGHG4_LINC02156,IGHG4,LINC02156
LUAD_vs_HNSC,IGHV1-24_MMP11,IGHV1-24,MMP11
LUAD_vs_HNSC,LINC00460_ZIC2,LINC00460,ZIC2
LUAD_vs_HNSC,MMP12_ZFPM2-AS1,MMP12,ZFPM2-AS1
LUAD_vs_HNSC,MMRN1_SHOX2,MMRN1,SHOX2
LUAD_vs_HNSC,MUC21_NMRAL2P,MUC21,NMRAL2P
LUAD_vs_HNSC,MYZAP_SLC6A4,MYZAP,SLC6A4
LUAD_vs_HNSC,ONECUT2_PAEP,ONECUT2,PAEP
LUAD_vs_HNSC,ONECUT2_SCAT1,ONECUT2,SCAT1
LUAD_vs_HNSC,TMEM100_UCHL1,TMEM100,UCHL1
LUAD_vs_STAD,ABCA8_ACTN2,ABCA8,ACTN2
LUAD_vs_STAD,ABCA8_SULF1,ABCA8,SULF1
LUAD_vs_STAD,ABCG2_ENPP3,ABCG2,ENPP3
LUAD_vs_STAD,ABI3BP_BMPER,ABI3BP,BMPER
LUAD_vs_STAD,ABI3BP_SULF1,ABI3BP,SULF1
LUAD_vs_STAD,ABI3BP_THBS2,ABI3BP,THBS2
LUAD_vs_STAD,AC004554.1_AGTR1,AC004554.1,AGTR1
LUAD_vs_STAD,AC004554.1_BARX1,AC004554.1,BARX1
LUAD_vs_STAD,AC004554.1_BHMT2,AC004554.1,BHMT2
LUAD_vs_STAD,AC004554.1_RSPO2,AC004554.1,RSPO2
LUAD_vs_STAD,AC004554.1_SULF1,AC004554.1,SULF1
LUAD_vs_STAD,AC007877.1_NPC1L1,AC007877.1,NPC1L1
LUAD_vs_STAD,AC007877.1_SLC7A9,AC007877.1,SLC7A9
LUAD_vs_STAD,AC034105.1_JSRP1,AC034105.1,JSRP1
LUAD_vs_STAD,AC034105.1_TNFSF11,AC034105.1,TNFSF11
LUAD_vs_STAD,AC103718.1_LINC01705,AC103718.1,LINC01705
LUAD_vs_STAD,AC131097.2_FEZF1,AC131097.2,FEZF1
LUAD_vs_STAD,AC134879.2_JSRP1,AC134879.2,JSRP1
LUAD_vs_STAD,AC135068.3_PRAME,AC135068.3,PRAME
LUAD_vs_STAD,AC142381.1_EME1,AC142381.1,EME1
LUAD_vs_STAD,AC142381.1_EXO1,AC142381.1,EXO1
LUAD_vs_STAD,AC142381.1_JSRP1,AC142381.1,JSRP1
LUAD_vs_STAD,AC142381.1_SKA3,AC142381.1,SKA3
LUAD_vs_STAD,ACKR1_LINC01614,ACKR1,LINC01614
LUAD_vs_STAD,ACKR1_SULF1,ACKR1,SULF1
LUAD_vs_STAD,ACKR1_THBS2,ACKR1,THBS2
LUAD_vs_STAD,ACTN2_ADAMTSL3,ACTN2,ADAMTSL3
LUAD_vs_STAD,ACTN2_ITIH5,ACTN2,ITIH5
LUAD_vs_STAD,ACTN2_SCARA5,ACTN2,SCARA5
LUAD_vs_STAD,ACTN2_TNXB,ACTN2,TNXB
LUAD_vs_STAD,ADAM12_CPNE7,ADAM12,CPNE7
LUAD_vs_STAD,ADAM12_FCRL4,ADAM12,FCRL4
LUAD_vs_STAD,ADAMTS1_TMEM132C,ADAMTS1,TMEM132C
LUAD_vs_STAD,ADAMTSL3_BMPER,ADAMTSL3,BMPER
LUAD_vs_STAD,ADAMTSL3_SGCG,ADAMTSL3,SGCG
LUAD_vs_STAD,ADGRF4_DLX3,ADGRF4,DLX3
LUAD_vs_STAD,ADGRF4_KRT15,ADGRF4,KRT15
LUAD_vs_STAD,ADGRF4_PAX9,ADGRF4,PAX9
LUAD_vs_STAD,ADGRF4_PKP1,ADGRF4,PKP1
LUAD_vs_STAD,ADH1B_CCN5,ADH1B,CCN5
LUAD_vs_STAD,ADH1B_PLPP4,ADH1B,PLPP4
LUAD_vs_STAD,ADH1B_SULF1,ADH1B,SULF1
LUAD_vs_STAD,ADH1B_THBS2,ADH1B,THBS2
LUAD_vs_STAD,ADRA1A_GDF10,ADRA1A,GDF10
LUAD_vs_STAD,ADRA1A_RSPO2,ADRA1A,RSPO2
LUAD_vs_STAD,AGTR1_BMPER,AGTR1,BMPER
LUAD_vs_STAD,AGTR1_C1QTNF2,AGTR1,C1QTNF2
LUAD_vs_STAD,AGTR1_CAVIN2,AGTR1,CAVIN2
LUAD_vs_STAD,AGTR1_COX7A1,AGTR1,COX7A1
LUAD_vs_STAD,AGTR1_CPED1,AGTR1,CPED1
LUAD_vs_STAD,AGTR1_FOXF1,AGTR1,FOXF1
LUAD_vs_STAD,AGTR1_GDF10,AGTR1,GDF10
LUAD_vs_STAD,AGTR1_JAM2,AGTR1,JAM2
LUAD_vs_STAD,AGTR1_KCNA5,AGTR1,KCNA5
LUAD_vs_STAD,AGTR1_RSPO2,AGTR1,RSPO2
LUAD_vs_STAD,AGTR1_RXRG,AGTR1,RXRG
LUAD_vs_STAD,AKR1B10_HMGA2,AKR1B10,HMGA2
LUAD_vs_STAD,AKR1B10_IGHV1-67,AKR1B10,IGHV1-67
LUAD_vs_STAD,AKR1B10_IGHV3-48,AKR1B10,IGHV3-48
LUAD_vs_STAD,AKR1B10_IGKV1-5,AKR1B10,IGKV1-5
LUAD_vs_STAD,AKR1B10_IGKV1-9,AKR1B10,IGKV1-9
LUAD_vs_STAD,AKR1B15_IGHV1-67,AKR1B15,IGHV1-67
LUAD_vs_STAD,AKR1B15_IGKV1-5,AKR1B15,IGKV1-5
LUAD_vs_STAD,AKR1B15_IGKV1-9,AKR1B15,IGKV1-9
LUAD_vs_STAD,AKR1C1_AQP4,AKR1C1,AQP4
LUAD_vs_STAD,AL161431.1_CRABP2,AL161431.1,CRABP2
LUAD_vs_STAD,AL357054.4_BARX1,AL357054.4,BARX1
LUAD_vs_STAD,AL357054.4_BMPER,AL357054.4,BMPER
LUAD_vs_STAD,AL512413.1_IGHV2-5,AL512413.1,IGHV2-5
LUAD_vs_STAD,ALDH3B2_PADI1,ALDH3B2,PADI1
LUAD_vs_STAD,ALKAL2_ECT2,ALKAL2,ECT2
LUAD_vs_STAD,ALKAL2_IGHV3-48,ALKAL2,IGHV3-48
LUAD_vs_STAD,ANGPTL7_PCDH10,ANGPTL7,PCDH10
LUAD_vs_STAD,ANLN_ARHGAP40,ANLN,ARHGAP40
LUAD_vs_STAD,AQP10_MELTF,AQP10,MELTF
LUAD_vs_STAD,AQP10_MMP13,AQP10,MMP13
LUAD_vs_STAD,ARC_PI16,ARC,PI16
LUAD_vs_STAD,ARHGAP40_S100A2,ARHGAP40,S100A2
LUAD_vs_STAD,ARHGEF26_SCUBE1,ARHGEF26,SCUBE1
LUAD_vs_STAD,ASPA_PCDH10,ASPA,PCDH10
LUAD_vs_STAD,ASPA_SGCG,ASPA,SGCG
LUAD_vs_STAD,B3GNT6_CLSPN,B3GNT6,CLSPN
LUAD_vs_STAD,B3GNT6_ECT2,B3GNT6,ECT2
LUAD_vs_STAD,B3GNT6_EXO1,B3GNT6,EXO1
LUAD_vs_STAD,B3GNT6_MCM10,B3GNT6,MCM10
LUAD_vs_STAD,B3GNT6_SKA3,B3GNT6,SKA3
LUAD_vs_STAD,B4GALNT4_BCHE,B4GALNT4,BCHE
LUAD_vs_STAD,B4GALNT4_MORN5,B4GALNT4,MORN5
LUAD_vs_STAD,B4GALNT4_MYOC,B4GALNT4,MYOC
LUAD_vs_STAD,B4GALNT4_OGN,B4GALNT4,OGN
LUAD_vs_STAD,B4GALNT4_SPARCL1,B4GALNT4,SPARCL1
LUAD_vs_STAD,B4GALNT4_SULF1,B4GALNT4,SULF1
LUAD_vs_STAD,B4GALNT4_TMEM59L,B4GALNT4,TMEM59L
LUAD_vs_STAD,BARX1_OGN,BARX1,OGN
LUAD_vs_STAD,BARX1_UNC45B,BARX1,UNC45B
LUAD_vs_STAD,BCHE_FNDC1,BCHE,FNDC1
LUAD_vs_STAD,BCHE_SCARA5,BCHE,SCARA5
LUAD_vs_STAD,BCHE_TMEM132C,BCHE,TMEM132C
LUAD_vs_STAD,BCHE_VIT,BCHE,VIT
LUAD_vs_STAD,BCO1_DMBX1,BCO1,DMBX1
LUAD_vs_STAD,BHMT2_GDF10,BHMT2,GDF10
LUAD_vs_STAD,BHMT2_RANBP3L,BHMT2,RANBP3L
LUAD_vs_STAD,BHMT2_SGCG,BHMT2,SGCG
LUAD_vs_STAD,BHMT2_THBS2,BHMT2,THBS2
LUAD_vs_STAD,BMPER_C1QTNF2,BMPER,C1QTNF2
LUAD_vs_STAD,BMPER_COX7A1,BMPER,COX7A1
LUAD_vs_STAD,BMPER_CPED1,BMPER,CPED1
LUAD_vs_STAD,BMPER_GDF10,BMPER,GDF10
LUAD_vs_STAD,BMPER_JAM2,BMPER,JAM2
LUAD_vs_STAD,BMPER_MFAP4,BMPER,MFAP4
LUAD_vs_STAD,BMPER_NPR1,BMPER,NPR1
LUAD_vs_STAD,BMPER_RXRG,BMPER,RXRG
LUAD_vs_STAD,BTNL8_SLC6A4,BTNL8,SLC6A4
LUAD_vs_STAD,BUB1_DERL3,BUB1,DERL3
LUAD_vs_STAD,BUB1_IGHV5-78,BUB1,IGHV5-78
LUAD_vs_STAD,BUB1_IGKV1D-16,BUB1,IGKV1D-16
LUAD_vs_STAD,C10orf88B_CPNE7,C10orf88B,CPNE7
LUAD_vs_STAD,C10orf88B_FCRL4,C10orf88B,FCRL4
LUAD_vs_STAD,C10orf88B_IGHJ3P,C10orf88B,IGHJ3P
LUAD_vs_STAD,C10orf88B_IGHV5-78,C10orf88B,IGHV5-78
LUAD_vs_STAD,C10orf88B_IGKV2D-28,C10orf88B,IGKV2D-28
LUAD_vs_STAD,C10orf88B_IGLV2-5,C10orf88B,IGLV2-5
LUAD_vs_STAD,C10orf88B_TNFSF11,C10orf88B,TNFSF11
LUAD_vs_STAD,C11orf86_CCNP,C11orf86,CCNP
LUAD_vs_STAD,C1QTNF7_SGCG,C1QTNF7,SGCG
LUAD_vs_STAD,C5orf46_GAD1,C5orf46,GAD1
LUAD_vs_STAD,CADM3-AS1_KCNMB2-AS1,CADM3-AS1,KCNMB2-AS1
LUAD_vs_STAD,CADM3-AS1_SULF1,CADM3-AS1,SULF1
LUAD_vs_STAD,CAVIN2_RANBP3L,CAVIN2,RANBP3L
LUAD_vs_STAD,CCN5_CFD,CCN5,CFD
LUAD_vs_STAD,CCN5_SCARA5,CCN5,SCARA5
LUAD_vs_STAD,CD300LG_PLPP4,CD300LG,PLPP4
LUAD_vs_STAD,CDH19_COX7A1,CDH19,COX7A1
LUAD_vs_STAD,CDH19_RXRG,CDH19,RXRG
LUAD_vs_STAD,CDO1_SCARA5,CDO1,SCARA5
LUAD_vs_STAD,CFD_PCOLCE2,CFD,PCOLCE2
LUAD_vs_STAD,CFD_PPP1R14A,CFD,PPP1R14A
LUAD_vs_STAD,CHRDL1_THBS2,CHRDL1,THBS2
LUAD_vs_STAD,CKM_SOSTDC1,CKM,SOSTDC1
LUAD_vs_STAD,CLEC3B_SGCG,CLEC3B,SGCG
LUAD_vs_STAD,CLEC3B_TNNC1,CLEC3B,TNNC1
LUAD_vs_STAD,CLSPN_CPNE7,CLSPN,CPNE7
LUAD_vs_STAD,CLSPN_DERL3,CLSPN,DERL3
LUAD_vs_STAD,CLSPN_IGHJ2,CLSPN,IGHJ2
LUAD_vs_STAD,CLSPN_IGKV3-7,CLSPN,IGKV3-7
LUAD_vs_STAD,CLSPN_IGKV3D-11,CLSPN,IGKV3D-11
LUAD_vs_STAD,CMTM5_PLPP4,CMTM5,PLPP4
LUAD_vs_STAD,CMTM5_RSPO2,CMTM5,RSPO2
LUAD_vs_STAD,COL11A1_MAMDC2,COL11A1,MAMDC2
LUAD_vs_STAD,COL11A1_MMRN1,COL11A1,MMRN1
LUAD_vs_STAD,COL11A1_VEGFD,COL11A1,VEGFD
LUAD_vs_STAD,COL1A1_SCARA5,COL1A1,SCARA5
LUAD_vs_STAD,COX7A1_RXRG,COX7A1,RXRG
LUAD_vs_STAD,CPNE7_DERL3,CPNE7,DERL3
LUAD_vs_STAD,CPNE7_FCRL4,CPNE7,FCRL4
LUAD_vs_STAD,CPNE7_IGHJ3P,CPNE7,IGHJ3P
LUAD_vs_STAD,CPNE7_IGHJ5,CPNE7,IGHJ5
LUAD_vs_STAD,CPNE7_IGHV3-62,CPNE7,IGHV3-62
LUAD_vs_STAD,CPNE7_IGHV3-71,CPNE7,IGHV3-71
LUAD_vs_STAD,CPNE7_IGHV4-34,CPNE7,IGHV4-34
LUAD_vs_STAD,CPNE7_IGHV4-61,CPNE7,IGHV4-61
LUAD_vs_STAD,CPNE7_IGHV4-80,CPNE7,IGHV4-80
LUAD_vs_STAD,CPNE7_IGKC,CPNE7,IGKC
LUAD_vs_STAD,CPNE7_IGKJ1,CPNE7,IGKJ1
LUAD_vs_STAD,CPNE7_IGKJ4,CPNE7,IGKJ4
LUAD_vs_STAD,CPNE7_IGKJ5,CPNE7,IGKJ5
LUAD_vs_STAD,CPNE7_IGKV3-15,CPNE7,IGKV3-15
LUAD_vs_STAD,CPNE7_IGKV3-7,CPNE7,IGKV3-7
LUAD_vs_STAD,CPNE7_IGKV3OR2-268,CPNE7,IGKV3OR2-268
LUAD_vs_STAD,CPNE7_IGLC3,CPNE7,IGLC3
LUAD_vs_STAD,CPNE7_IGLL5,CPNE7,IGLL5
LUAD_vs_STAD,CPNE7_IGLV2-5,CPNE7,IGLV2-5
LUAD_vs_STAD,CPNE7_IGLV3-10,CPNE7,IGLV3-10
LUAD_vs_STAD,CPNE7_STIL,CPNE7,STIL
LUAD_vs_STAD,CPNE7_TNFSF11,CPNE7,TNFSF11
LUAD_vs_STAD,CRABP2_GJB6,CRABP2,GJB6
LUAD_vs_STAD,CRABP2_KRT15,CRABP2,KRT15
LUAD_vs_STAD,CRABP2_LYPD3,CRABP2,LYPD3
LUAD_vs_STAD,CRABP2_PKP1,CRABP2,PKP1
LUAD_vs_STAD,CRABP2_S100A2,CRABP2,S100A2
LUAD_vs_STAD,CST1_IGKV3-11,CST1,IGKV3-11
LUAD_vs_STAD,CTSG_PAEP,CTSG,PAEP
LUAD_vs_STAD,DERL3_EME1,DERL3,EME1
LUAD_vs_STAD,DERL3_EXO1,DERL3,EXO1
LUAD_vs_STAD,DERL3_JSRP1,DERL3,JSRP1
LUAD_vs_STAD,DERL3_KIF14,DERL3,KIF14
LUAD_vs_STAD,DERL3_MCM10,DERL3,MCM10
LUAD_vs_STAD,DERL3_TPX2,DERL3,TPX2
LUAD_vs_STAD,DES_PLPP4,DES,PLPP4
LUAD_vs_STAD,DLX3_LINC01705,DLX3,LINC01705
LUAD_vs_STAD,DLX3_S100A2,DLX3,S100A2
LUAD_vs_STAD,DMBX1_MMP1,DMBX1,MMP1
LUAD_vs_STAD,DPP6_ITIH5,DPP6,ITIH5
LUAD_vs_STAD,ECT2_IGKV2D-29,ECT2,IGKV2D-29
LUAD_vs_STAD,ECT2_OLR1,ECT2,OLR1
LUAD_vs_STAD,EDN3_MME,EDN3,MME
LUAD_vs_STAD,EME1_IGHJ5,EME1,IGHJ5
LUAD_vs_STAD,EME1_IGHV3-66,EME1,IGHV3-66
LUAD_vs_STAD,EME1_IGHV4-28,EME1,IGHV4-28
LUAD_vs_STAD,EME1_IGHV5-78,EME1,IGHV5-78
LUAD_vs_STAD,EME1_IGKV1-33,EME1,IGKV1-33
LUAD_vs_STAD,EME1_IGKV1-9,EME1,IGKV1-9
LUAD_vs_STAD,EME1_IGKV1D-16,EME1,IGKV1D-16
LUAD_vs_STAD,EME1_IGKV1D-33,EME1,IGKV1D-33
LUAD_vs_STAD,EME1_IGKV1D-39,EME1,IGKV1D-39
LUAD_vs_STAD,EME1_IGKV1D-43,EME1,IGKV1D-43
LUAD_vs_STAD,EME1_IGKV2-28,EME1,IGKV2-28
LUAD_vs_STAD,EME1_IGKV2D-28,EME1,IGKV2D-28
LUAD_vs_STAD,EME1_IGKV2D-29,EME1,IGKV2D-29
LUAD_vs_STAD,EME1_IGKV2OR22-4,EME1,IGKV2OR22-4
LUAD_vs_STAD,EME1_IGLV1-50,EME1,IGLV1-50
LUAD_vs_STAD,ETV4_GRIN2D,ETV4,GRIN2D
LUAD_vs_STAD,EXO1_IGHJ3P,EXO1,IGHJ3P
LUAD_vs_STAD,EXO1_IGHJ5,EXO1,IGHJ5
LUAD_vs_STAD,EXO1_IGHV4-28,EXO1,IGHV4-28
LUAD_vs_STAD,EXO1_IGHV5-51,EXO1,IGHV5-51
LUAD_vs_STAD,EXO1_IGHV5-78,EXO1,IGHV5-78
LUAD_vs_STAD,EXO1_IGKC,EXO1,IGKC
LUAD_vs_STAD,EXO1_IGKJ4,EXO1,IGKJ4
LUAD_vs_STAD,EXO1_IGKV1D-16,EXO1,IGKV1D-16
LUAD_vs_STAD,EXO1_IGKV3D-11,EXO1,IGKV3D-11
LUAD_vs_STAD,EXO1_IGLV1-50,EXO1,IGLV1-50
LUAD_vs_STAD,EXO1_IGLV2-14,EXO1,IGLV2-14
LUAD_vs_STAD,EXO1_IGLV2-5,EXO1,IGLV2-5
LUAD_vs_STAD,FABP4_SMIM24,FABP4,SMIM24
LUAD_vs_STAD,FAM72B_FCRL4,FAM72B,FCRL4
LUAD_vs_STAD,FAM72D_HBB,FAM72D,HBB
LUAD_vs_STAD,FAT3_ITIH5,FAT3,ITIH5
LUAD_vs_STAD,FAT3_TNXB,FAT3,TNXB
LUAD_vs_STAD,FCRL4_RAET1K,FCRL4,RAET1K
LUAD_vs_STAD,FCRL4_TERT,FCRL4,TERT
LUAD_vs_STAD,FCRL4_TNFSF11,FCRL4,TNFSF11
LUAD_vs_STAD,FEZF1_GRIN2D,FEZF1,GRIN2D
LUAD_vs_STAD,FNDC1_SCARA5,FNDC1,SCARA5
LUAD_vs_STAD,FNDC1_TMEM132C,FNDC1,TMEM132C
LUAD_vs_STAD,FNDC1_VIT,FNDC1,VIT
LUAD_vs_STAD,FOXF1_PKNOX2,FOXF1,PKNOX2
LUAD_vs_STAD,FOXF1_RXRG,FOXF1,RXRG
LUAD_vs_STAD,GAD1_SALL4,GAD1,SALL4
LUAD_vs_STAD,GAD1_SULF1,GAD1,SULF1
LUAD_vs_STAD,GDF10_HSPB6,GDF10,HSPB6
LUAD_vs_STAD,GDF10_RSPO2,GDF10,RSPO2
LUAD_vs_STAD,GDF10_RXRG,GDF10,RXRG
LUAD_vs_STAD,GDF10_SGCA,GDF10,SGCA
LUAD_vs_STAD,GDF10_SGCG,GDF10,SGCG
LUAD_vs_STAD,GFRA2_SULF1,GFRA2,SULF1
LUAD_vs_STAD,GPD1_GRIN2D,GPD1,GRIN2D
LUAD_vs_STAD,GPD1_MME,GPD1,MME
LUAD_vs_STAD,GPR17_RXRG,GPR17,RXRG
LUAD_vs_STAD,GRIN2D_LCT,GRIN2D,LCT
LUAD_vs_STAD,GSTM5_SCARA5,GSTM5,SCARA5
LUAD_vs_STAD,HMGA2_SPTSSB,HMGA2,SPTSSB
LUAD_vs_STAD,HOXA10_OTC,HOXA10,OTC
LUAD_vs_STAD,HOXB9_HOXC11,HOXB9,HOXC11
LUAD_vs_STAD,HOXB9_ZIC2,HOXB9,ZIC2
LUAD_vs_STAD,HOXC8_THBS2,HOXC8,THBS2
LUAD_vs_STAD,HSPB8_RXRG,HSPB8,RXRG
LUAD_vs_STAD,IBSP_VIT,IBSP,VIT
LUAD_vs_STAD,IGHJ2_RECQL4,IGHJ2,RECQL4
LUAD_vs_STAD,IGHJ3P_JSRP1,IGHJ3P,JSRP1
LUAD_vs_STAD,IGHJ3P_MCM10,IGHJ3P,MCM10
LUAD_vs_STAD,IGHJ3P_NUF2,IGHJ3P,NUF2
LUAD_vs_STAD,IGHJ3P_RAET1K,IGHJ3P,RAET1K
LUAD_vs_STAD,IGHJ3P_SCAT1,IGHJ3P,SCAT1
LUAD_vs_STAD,IGHJ3P_SKA3,IGHJ3P,SKA3
LUAD_vs_STAD,IGHJ3P_TERT,IGHJ3P,TERT
LUAD_vs_STAD,IGHJ3P_TNFSF11,IGHJ3P,TNFSF11
LUAD_vs_STAD,IGHJ3P_TPX2,IGHJ3P,TPX2
LUAD_vs_STAD,IGHJ4_RECQL4,IGHJ4,RECQL4
LUAD_vs_STAD,IGHJ5_MCM10,IGHJ5,MCM10
LUAD_vs_STAD,IGHJ5_SKA3,IGHJ5,SKA3
LUAD_vs_STAD,IGHJ5_TNFSF11,IGHJ5,TNFSF11
LUAD_vs_STAD,IGHV1-67_JSRP1,IGHV1-67,JSRP1
LUAD_vs_STAD,IGHV1OR15-2_IGHV3-20,IGHV1OR15-2,IGHV3-20
LUAD_vs_STAD,IGHV1OR15-2_IGHV4-4,IGHV1OR15-2,IGHV4-4
LUAD_vs_STAD,IGHV1OR15-2_IGKJ4,IGHV1OR15-2,IGKJ4
LUAD_vs_STAD,IGHV1OR15-2_IGKV1-9,IGHV1OR15-2,IGKV1-9
LUAD_vs_STAD,IGHV1OR15-2_IGKV3-15,IGHV1OR15-2,IGKV3-15
LUAD_vs_STAD,IGHV1OR15-2_IGKV3D-11,IGHV1OR15-2,IGKV3D-11
LUAD_vs_STAD,IGHV1OR15-2_IGLV4-69,IGHV1OR15-2,IGLV4-69
LUAD_vs_STAD,IGHV1OR15-2_IGLV5-45,IGHV1OR15-2,IGLV5-45
LUAD_vs_STAD,IGHV1OR15-2_JSRP1,IGHV1OR15-2,JSRP1
LUAD_vs_STAD,IGHV1OR15-9_IGHV3-35,IGHV1OR15-9,IGHV3-35
LUAD_vs_STAD,IGHV2-5_IGHV3-66,IGHV2-5,IGHV3-66
LUAD_vs_STAD,IGHV2-5_TNFSF11,IGHV2-5,TNFSF11
LUAD_vs_STAD,IGHV3-35_IGLV3-12,IGHV3-35,IGLV3-12
LUAD_vs_STAD,IGHV3-35_JSRP1,IGHV3-35,JSRP1
LUAD_vs_STAD,IGHV3-48_TERT,IGHV3-48,TERT
LUAD_vs_STAD,IGHV3-52_JSRP1,IGHV3-52,JSRP1
LUAD_vs_STAD,IGHV3-62_JSRP1,IGHV3-62,JSRP1
LUAD_vs_STAD,IGHV3-62_SOSTDC1,IGHV3-62,SOSTDC1
LUAD_vs_STAD,IGHV3-64_IGHV4-4,IGHV3-64,IGHV4-4
LUAD_vs_STAD,IGHV3-64_IGHV4-55,IGHV3-64,IGHV4-55
LUAD_vs_STAD,IGHV3-64_IGKV1D-27,IGHV3-64,IGKV1D-27
LUAD_vs_STAD,IGHV3-64_JSRP1,IGHV3-64,JSRP1
LUAD_vs_STAD,IGHV3-66_IGKV1-16,IGHV3-66,IGKV1-16
LUAD_vs_STAD,IGHV3-66_IGKV1D-17,IGHV3-66,IGKV1D-17
LUAD_vs_STAD,IGHV3-66_JSRP1,IGHV3-66,JSRP1
LUAD_vs_STAD,IGHV3-71_RAET1K,IGHV3-71,RAET1K
LUAD_vs_STAD,IGHV3-71_RECQL4,IGHV3-71,RECQL4
LUAD_vs_STAD,IGHV3-73_IGHV3OR16-13,IGHV3-73,IGHV3OR16-13
LUAD_vs_STAD,IGHV3-73_IGHV5-78,IGHV3-73,IGHV5-78
LUAD_vs_STAD,IGHV3OR16-13_JSRP1,IGHV3OR16-13,JSRP1
LUAD_vs_STAD,IGHV3OR16-8_IGLV3-12,IGHV3OR16-8,IGLV3-12
LUAD_vs_STAD,IGHV3OR16-8_JSRP1,IGHV3OR16-8,JSRP1
LUAD_vs_STAD,IGHV4-28_IQGAP3,IGHV4-28,IQGAP3
LUAD_vs_STAD,IGHV4-28_JSRP1,IGHV4-28,JSRP1
LUAD_vs_STAD,IGHV4-28_KIF18B,IGHV4-28,KIF18B
LUAD_vs_STAD,IGHV4-28_MCM10,IGHV4-28,MCM10
LUAD_vs_STAD,IGHV4-28_RECQL4,IGHV4-28,RECQL4
LUAD_vs_STAD,IGHV4-28_SKA3,IGHV4-28,SKA3
LUAD_vs_STAD,IGHV4-28_TERT,IGHV4-28,TERT
LUAD_vs_STAD,IGHV4-28_TPX2,IGHV4-28,TPX2
LUAD_vs_STAD,IGHV4-34_IGKV1D-16,IGHV4-34,IGKV1D-16
LUAD_vs_STAD,IGHV4-4_JSRP1,IGHV4-4,JSRP1
LUAD_vs_STAD,IGHV4-4_PRAME,IGHV4-4,PRAME
LUAD_vs_STAD,IGHV4-55_IGLV3-12,IGHV4-55,IGLV3-12
LUAD_vs_STAD,IGHV4-55_JSRP1,IGHV4-55,JSRP1
LUAD_vs_STAD,IGHV4-80_JSRP1,IGHV4-80,JSRP1
LUAD_vs_STAD,IGHV4-80_PRAME,IGHV4-80,PRAME
LUAD_vs_STAD,IGHV5-51_JSRP1,IGHV5-51,JSRP1
LUAD_vs_STAD,IGHV5-78_MCM10,IGHV5-78,MCM10
LUAD_vs_STAD,IGHV5-78_NUF2,IGHV5-78,NUF2
LUAD_vs_STAD,IGHV5-78_RAET1K,IGHV5-78,RAET1K
LUAD_vs_STAD,IGHV5-78_SKA3,IGHV5-78,SKA3
LUAD_vs_STAD,IGHV5-78_TERT,IGHV5-78,TERT
LUAD_vs_STAD,IGHV5-78_TNFSF11,IGHV5-78,TNFSF11
LUAD_vs_STAD,IGHV5-78_TPX2,IGHV5-78,TPX2
LUAD_vs_STAD,IGKC_MCM10,IGKC,MCM10
LUAD_vs_STAD,IGKC_PRAME,IGKC,PRAME
LUAD_vs_STAD,IGKJ4_MCM10,IGKJ4,MCM10
LUAD_vs_STAD,IGKJ4_RAET1K,IGKJ4,RAET1K
LUAD_vs_STAD,IGKJ4_TNFSF11,IGKJ4,TNFSF11
LUAD_vs_STAD,IGKJ5_NUF2,IGKJ5,NUF2
LUAD_vs_STAD,IGKJ5_RAET1K,IGKJ5,RAET1K
LUAD_vs_STAD,IGKJ5_SKA3,IGKJ5,SKA3
LUAD_vs_STAD,IGKJ5_TNFSF11,IGKJ5,TNFSF11
LUAD_vs_STAD,IGKV1-16_IGKV1D-12,IGKV1-16,IGKV1D-12
LUAD_vs_STAD,IGKV1-17_IGLV4-69,IGKV1-17,IGLV4-69
LUAD_vs_STAD,IGKV1-17_SPINK2,IGKV1-17,SPINK2
LUAD_vs_STAD,IGKV1-33_TNFSF11,IGKV1-33,TNFSF11
LUAD_vs_STAD,IGKV1-39_JSRP1,IGKV1-39,JSRP1
LUAD_vs_STAD,IGKV1-5_JSRP1,IGKV1-5,JSRP1
LUAD_vs_STAD,IGKV1-5_PRAME,IGKV1-5,PRAME
LUAD_vs_STAD,IGKV1-9_JSRP1,IGKV1-9,JSRP1
LUAD_vs_STAD,IGKV1-9_PLAU,IGKV1-9,PLAU
LUAD_vs_STAD,IGKV1D-12_JSRP1,IGKV1D-12,JSRP1
LUAD_vs_STAD,IGKV1D-12_PRAME,IGKV1D-12,PRAME
LUAD_vs_STAD,IGKV1D-12_RAET1K,IGKV1D-12,RAET1K
LUAD_vs_STAD,IGKV1D-12_SOSTDC1,IGKV1D-12,SOSTDC1
LUAD_vs_STAD,IGKV1D-16_IGLC3,IGKV1D-16,IGLC3
LUAD_vs_STAD,IGKV1D-16_IGLV2-14,IGKV1D-16,IGLV2-14
LUAD_vs_STAD,IGKV1D-16_JSRP1,IGKV1D-16,JSRP1
LUAD_vs_STAD,IGKV1D-16_NEK2,IGKV1D-16,NEK2
LUAD_vs_STAD,IGKV1D-16_PLAU,IGKV1D-16,PLAU
LUAD_vs_STAD,IGKV1D-16_STIL,IGKV1D-16,STIL
LUAD_vs_STAD,IGKV1D-16_TERT,IGKV1D-16,TERT
LUAD_vs_STAD,IGKV1D-16_TNFSF11,IGKV1D-16,TNFSF11
LUAD_vs_STAD,IGKV1D-33_NUF2,IGKV1D-33,NUF2
LUAD_vs_STAD,IGKV1D-33_PLAU,IGKV1D-33,PLAU
LUAD_vs_STAD,IGKV1D-33_STIL,IGKV1D-33,STIL
LUAD_vs_STAD,IGKV1D-33_TNFSF11,IGKV1D-33,TNFSF11
LUAD_vs_STAD,IGKV1D-39_JSRP1,IGKV1D-39,JSRP1
LUAD_vs_STAD,IGKV1D-39_PRAME,IGKV1D-39,PRAME
LUAD_vs_STAD,IGKV1D-43_PLAU,IGKV1D-43,PLAU
LUAD_vs_STAD,IGKV1OR2-6_JSRP1,IGKV1OR2-6,JSRP1
LUAD_vs_STAD,IGKV2OR22-4_SKA3,IGKV2OR22-4,SKA3
LUAD_vs_STAD,IGKV2OR22-4_TPX2,IGKV2OR22-4,TPX2
LUAD_vs_STAD,IGKV3-11_JSRP1,IGKV3-11,JSRP1
LUAD_vs_STAD,IGKV3-7_JSRP1,IGKV3-7,JSRP1
LUAD_vs_STAD,IGKV3-7_KIF18B,IGKV3-7,KIF18B
LUAD_vs_STAD,IGKV3-7_MCM10,IGKV3-7,MCM10
LUAD_vs_STAD,IGKV3-7_RAET1K,IGKV3-7,RAET1K
LUAD_vs_STAD,IGKV3-7_RECQL4,IGKV3-7,RECQL4
LUAD_vs_STAD,IGKV3D-11_MCM10,IGKV3D-11,MCM10
LUAD_vs_STAD,IGKV3D-11_TNFSF11,IGKV3D-11,TNFSF11
LUAD_vs_STAD,IGKV3D-11_TPX2,IGKV3D-11,TPX2
LUAD_vs_STAD,IGKV3D-15_JSRP1,IGKV3D-15,JSRP1
LUAD_vs_STAD,IGKV3OR2-268_RECQL4,IGKV3OR2-268,RECQL4
LUAD_vs_STAD,IGKV4-1_JSRP1,IGKV4-1,JSRP1
LUAD_vs_STAD,IGLC3_JSRP1,IGLC3,JSRP1
LUAD_vs_STAD,IGLC3_SPINK2,IGLC3,SPINK2
LUAD_vs_STAD,IGLL5_IQGAP3,IGLL5,IQGAP3
LUAD_vs_STAD,IGLL5_TERT,IGLL5,TERT
LUAD_vs_STAD,IGLL5_TPX2,IGLL5,TPX2
LUAD_vs_STAD,IGLV1-47_IGLV4-69,IGLV1-47,IGLV4-69
LUAD_vs_STAD,IGLV1-47_TERT,IGLV1-47,TERT
LUAD_vs_STAD,IGLV1-47_TNFSF11,IGLV1-47,TNFSF11
LUAD_vs_STAD,IGLV1-47_TPX2,IGLV1-47,TPX2
LUAD_vs_STAD,IGLV1-50_MCM10,IGLV1-50,MCM10
LUAD_vs_STAD,IGLV1-50_TPX2,IGLV1-50,TPX2
LUAD_vs_STAD,IGLV2-14_JSRP1,IGLV2-14,JSRP1
LUAD_vs_STAD,IGLV2-14_PLAU,IGLV2-14,PLAU
LUAD_vs_STAD,IGLV2-14_SKA3,IGLV2-14,SKA3
LUAD_vs_STAD,IGLV2-5_JSRP1,IGLV2-5,JSRP1
LUAD_vs_STAD,IGLV2-5_PRAME,IGLV2-5,PRAME
LUAD_vs_STAD,IGLV2-5_RAET1K,IGLV2-5,RAET1K
LUAD_vs_STAD,IGLV2-5_RECQL4,IGLV2-5,RECQL4
LUAD_vs_STAD,IGLV2-5_TPX2,IGLV2-5,TPX2
LUAD_vs_STAD,IGLV3-1_PRAME,IGLV3-1,PRAME
LUAD_vs_STAD,IGLV3-21_JSRP1,IGLV3-21,JSRP1
LUAD_vs_STAD,IGLV4-69_JSRP1,IGLV4-69,JSRP1
LUAD_vs_STAD,IGLV5-45_JSRP1,IGLV5-45,JSRP1
LUAD_vs_STAD,IGLV6-57_JSRP1,IGLV6-57,JSRP1
LUAD_vs_STAD,JAM2_RXRG,JAM2,RXRG
LUAD_vs_STAD,KCNA5_PNCK,KCNA5,PNCK
LUAD_vs_STAD,KCNK3_RXRG,KCNK3,RXRG
LUAD_vs_STAD,LIMS2_RXRG,LIMS2,RXRG
LUAD_vs_STAD,LINC01354_SCARA5,LINC01354,SCARA5
LUAD_vs_STAD,LINC01354_SGCG,LINC01354,SGCG
LUAD_vs_STAD,LINC01705_LY6D,LINC01705,LY6D
LUAD_vs_STAD,LMOD1_RXRG,LMOD1,RXRG
LUAD_vs_STAD,LYVE1_RANBP3L,LYVE1,RANBP3L
LUAD_vs_STAD,MAMDC2_SGCG,MAMDC2,SGCG
LUAD_vs_STAD,MAMDC2_SULF1,MAMDC2,SULF1
LUAD_vs_STAD,MAMDC2_THBS2,MAMDC2,THBS2
LUAD_vs_STAD,MCM10_TNFSF11,MCM10,TNFSF11
LUAD_vs_STAD,METTL7A_SH3GL2,METTL7A,SH3GL2
LUAD_vs_STAD,MMRN1_PAEP,MMRN1,PAEP
LUAD_vs_STAD,MSRB3_PDK4,MSRB3,PDK4
LUAD_vs_STAD,MSRB3_RXRG,MSRB3,RXRG
LUAD_vs_STAD,MUC16_STRA6,MUC16,STRA6
LUAD_vs_STAD,MYOCD_PNCK,MYOCD,PNCK
LUAD_vs_STAD,MYOC_SCARA5,MYOC,SCARA5
LUAD_vs_STAD,MYOC_VIT,MYOC,VIT
LUAD_vs_STAD,OGN_SULF1,OGN,SULF1
LUAD_vs_STAD,PAX9_S100A2,PAX9,S100A2
LUAD_vs_STAD,PDK4_TMEM100,PDK4,TMEM100
LUAD_vs_STAD,PI16_PNCK,PI16,PNCK
LUAD_vs_STAD,PI16_THBS2,PI16,THBS2
LUAD_vs_STAD,PKNOX2_RSPO2,PKNOX2,RSPO2
LUAD_vs_STAD,PKNOX2_RXRG,PKNOX2,RXRG
LUAD_vs_STAD,PKNOX2_SCUBE1,PKNOX2,SCUBE1
LUAD_vs_STAD,PLAC9_SGCG,PLAC9,SGCG
LUAD_vs_STAD,PLPP4_RXRG,PLPP4,RXRG
LUAD_vs_STAD,PLPP4_SERTM1,PLPP4,SERTM1
LUAD_vs_STAD,PLPP4_TMEM100,PLPP4,TMEM100
LUAD_vs_STAD,PLPP4_TMEM59L,PLPP4,TMEM59L
LUAD_vs_STAD,PNCK_SCARA5,PNCK,SCARA5
LUAD_vs_STAD,PNCK_SULF1,PNCK,SULF1
LUAD_vs_STAD,PNCK_SYNPO2,PNCK,SYNPO2
LUAD_vs_STAD,PPP1R14A_RXRG,PPP1R14A,RXRG
LUAD_vs_STAD,PPP1R14A_SGCG,PPP1R14A,SGCG
LUAD_vs_STAD,RAET1K_TNFSF11,RAET1K,TNFSF11
LUAD_vs_STAD,RANBP3L_RSPO2,RANBP3L,RSPO2
LUAD_vs_STAD,RANBP3L_SGCG,RANBP3L,SGCG
LUAD_vs_STAD,RECQL4_TNFSF11,RECQL4,TNFSF11
LUAD_vs_STAD,RSPO2_RXRG,RSPO2,RXRG
LUAD_vs_STAD,RSPO2_SCN7A,RSPO2,SCN7A
LUAD_vs_STAD,RSPO2_SGCG,RSPO2,SGCG
LUAD_vs_STAD,RXRG_TMEM100,RXRG,TMEM100
LUAD_vs_STAD,SCARA5_SGCG,SCARA5,SGCG
LUAD_vs_STAD,SCARA5_SULF1,SCARA5,SULF1
LUAD_vs_STAD,SCARA5_THBS2,SCARA5,THBS2
LUAD_vs_STAD,SCARA5_TNXB,SCARA5,TNXB
LUAD_vs_STAD,SGCA_SGCG,SGCA,SGCG
LUAD_vs_STAD,SLC5A9_SLC6A4,SLC5A9,SLC6A4
LUAD_vs_STAD,SLC6A4_WDR72,SLC6A4,WDR72
LUAD_vs_STAD,SPTSSB_TNNC1,SPTSSB,TNNC1
LUAD_vs_STAD,SPTSSB_ZNF695,SPTSSB,ZNF695
LUAD_vs_STAD,SULF1_TMEM132C,SULF1,TMEM132C
LUAD_vs_STAD,SULF1_TNXB,SULF1,TNXB
LUAD_vs_STAD,SULF1_VIT,SULF1,VIT
LUAD_vs_STAD,TERT_TNFSF11,TERT,TNFSF11
LUAD_vs_STAD,THBS2_TMEM59L,THBS2,TMEM59L
LUAD_vs_STAD,THBS2_TNXB,THBS2,TNXB
LUAD_vs_STAD,THBS2_VEGFD,THBS2,VEGFD
LUAD_vs_STAD,THBS2_VIT,THBS2,VIT
LUAD_vs_STAD,TNFSF11_TPX2,TNFSF11,TPX2
HNSC_vs_STAD,ABCA8_ADAMTS2,ABCA8,ADAMTS2
HNSC_vs_STAD,ABCA8_WNT2,ABCA8,WNT2
HNSC_vs_STAD,AC007128.1_LAMC2,AC007128.1,LAMC2
HNSC_vs_STAD,AC010198.2_TCAM1P,AC010198.2,TCAM1P
HNSC_vs_STAD,AC010789.1_AL162413.1,AC010789.1,AL162413.1
HNSC_vs_STAD,AC010789.1_CELSR3,AC010789.1,CELSR3
HNSC_vs_STAD,AC010789.1_EN2,AC010789.1,EN2
HNSC_vs_STAD,AC010789.1_FEZF1,AC010789.1,FEZF1
HNSC_vs_STAD,ADAMTS12_TNXB,ADAMTS12,TNXB
HNSC_vs_STAD,ADAMTS2_TNXB,ADAMTS2,TNXB
HNSC_vs_STAD,AL162413.1_CCNP,AL162413.1,CCNP
HNSC_vs_STAD,AL162413.1_CELSR3,AL162413.1,CELSR3
HNSC_vs_STAD,AL162413.1_EN2,AL162413.1,EN2
HNSC_vs_STAD,AL162413.1_GRIN2D,AL162413.1,GRIN2D
HNSC_vs_STAD,AL354953.1_VSIG2,AL354953.1,VSIG2
HNSC_vs_STAD,ANXA10_B3GNT6,ANXA10,B3GNT6
HNSC_vs_STAD,C1QL1_GRIK3,C1QL1,GRIK3
HNSC_vs_STAD,C1QL1_SCN7A,C1QL1,SCN7A
HNSC_vs_STAD,CASC9_PAEP,CASC9,PAEP
HNSC_vs_STAD,CCNP_EN2,CCNP,EN2
HNSC_vs_STAD,CCNP_HOXC11,CCNP,HOXC11
HNSC_vs_STAD,CELSR3_HOXC11,CELSR3,HOXC11
HNSC_vs_STAD,CELSR3_TRPM2-AS,CELSR3,TRPM2-AS
HNSC_vs_STAD,CELSR3_ZIC2,CELSR3,ZIC2
HNSC_vs_STAD,CELSR3_ZIC5,CELSR3,ZIC5
HNSC_vs_STAD,ELFN1-AS1_HOXC-AS2,ELFN1-AS1,HOXC-AS2
HNSC_vs_STAD,EN2_FEZF1,EN2,FEZF1
HNSC_vs_STAD,EN2_FEZF1-AS1,EN2,FEZF1-AS1
HNSC_vs_STAD,EN2_TRPM2-AS,EN2,TRPM2-AS
HNSC_vs_STAD,EN2_ZIC5,EN2,ZIC5
HNSC_vs_STAD,FAP_SCARA5,FAP,SCARA5
HNSC_vs_STAD,FAP_TNXB,FAP,TNXB
HNSC_vs_STAD,FEZF1_TRPM2-AS,FEZF1,TRPM2-AS
HNSC_vs_STAD,FEZF1_ZIC2,FEZF1,ZIC2
HNSC_vs_STAD,FEZF1_ZIC5,FEZF1,ZIC5
HNSC_vs_STAD,GRIN2D_HOXC11,GRIN2D,HOXC11
HNSC_vs_STAD,GRIN2D_TRPM2-AS,GRIN2D,TRPM2-AS
HNSC_vs_STAD,GRIN2D_ZIC2,GRIN2D,ZIC2
HNSC_vs_STAD,GRIN2D_ZIC5,GRIN2D,ZIC5
HNSC_vs_STAD,HMGA2_VSIG2,HMGA2,VSIG2
HNSC_vs_STAD,HOXA11_HOXB9,HOXA11,HOXB9
HNSC_vs_STAD,HOXA11_IGKV2-29,HOXA11,IGKV2-29
HNSC_vs_STAD,HOXA11_LINC02086,HOXA11,LINC02086
HNSC_vs_STAD,HOXA11_LINC02577,HOXA11,LINC02577
HNSC_vs_STAD,HOXB9_LINC02577,HOXB9,LINC02577
HNSC_vs_STAD,HOXC11_TRPM2-AS,HOXC11,TRPM2-AS
HNSC_vs_STAD,HOXC11_ZIC2,HOXC11,ZIC2
HNSC_vs_STAD,HOXC11_ZIC5,HOXC11,ZIC5
HNSC_vs_STAD,HTRA4_LINC02321,HTRA4,LINC02321
HNSC_vs_STAD,MMP3_TERT,MMP3,TERT
HNSC_vs_STAD,SCARA5_WNT2,SCARA5,WNT2
HNSC_vs_STAD,TNXB_WNT2,TNXB,WNT2
HNSC_vs_STAD,TRPM2-AS_ZIC5,TRPM2-AS,ZIC5
